video_file,error
3002C.mp4,No usable frames extracted
3004C.mp4,No usable frames extracted
3005C.mp4,No usable frames extracted
3006C.mp4,No usable frames extracted
3017C.mp4,No usable frames extracted
3032C.mp4,No usable frames extracted
3050C.mp4,No usable frames extracted
3051C.mp4,No usable frames extracted
3053C.mp4,No usable frames extracted
3055C.mp4,No usable frames extracted
3058C.mp4,No usable frames extracted
3059C.mp4,No usable frames extracted
3062C.mp4,No usable frames extracted
3064E.mp4,No usable frames extracted
3068C.mp4,No usable frames extracted
3072C.mp4,No usable frames extracted
3073E.mp4,No usable frames extracted
3100C.mp4,No usable frames extracted
